id,first_name,last_name,gender,email,password
1,Brietta,Capel,Female,brietta.capel@g.batstate-u.edu.ph,Dc2Uowt
2,Hadria,Brightling,Female,hadria.brightling@g.batstate-u.edu.ph,3IWJLKUSnSw
3,Connor,Northley,Male,connor.northley@g.batstate-u.edu.ph,5BEolDm7OrF
4,Eyde,Gauford,Female,eyde.gauford@g.batstate-u.edu.ph,C4cwO2JfYAM
5,Cassie,Lydford,Male,cassie.lydford@g.batstate-u.edu.ph,FQWgyuRb8j
6,Bat,Tunstall,Male,bat.tunstall@g.batstate-u.edu.ph,GJld1gZ4pF
7,Francis,Osgar,Male,francis.osgar@g.batstate-u.edu.ph,fyQ85CIs
8,Carolee,Pitkins,Female,carolee.pitkins@g.batstate-u.edu.ph,u7pvgDeIvKs
9,Desi,Ballin,Male,desi.ballin@g.batstate-u.edu.ph,vXD2UHIa
10,Clarette,Hatto,Female,clarette.hatto@g.batstate-u.edu.ph,bzQsdfG
11,Lawry,Shenton,Male,lawry.shenton@g.batstate-u.edu.ph,iGi1qv
12,Case,Fenlon,Male,case.fenlon@g.batstate-u.edu.ph,PwxczHLDSgPS
13,Ignacius,Absolon,Male,ignacius.absolon@g.batstate-u.edu.ph,fTdRxoJ
14,Marcella,Saich,Female,marcella.saich@g.batstate-u.edu.ph,zKY4sNHJztN
15,Saundra,Van Hove,Female,saundra.van hove@g.batstate-u.edu.ph,uDIHp3Dlvrv
16,Jemimah,Bernadon,Female,jemimah.bernadon@g.batstate-u.edu.ph,APHF6Q
17,Sada,Blenkiron,Female,sada.blenkiron@g.batstate-u.edu.ph,B6fVaUi
18,Chandler,Smeed,Male,chandler.smeed@g.batstate-u.edu.ph,5QZO1NK0ko8s
19,Griffith,Mowle,Male,griffith.mowle@g.batstate-u.edu.ph,NiQojCUOzIyd
20,Anjela,Gleeson,Female,anjela.gleeson@g.batstate-u.edu.ph,MJqVKeN
21,Chaddie,Lingner,Male,chaddie.lingner@g.batstate-u.edu.ph,ve5urSg4
22,Gracia,Bulteel,Female,gracia.bulteel@g.batstate-u.edu.ph,DQ2xgMoM1mrU
23,Zerk,Kibblewhite,Male,zerk.kibblewhite@g.batstate-u.edu.ph,i4mjKm
24,Terrell,Dewett,Male,terrell.dewett@g.batstate-u.edu.ph,4VbnJue
25,Erv,Gerriets,Male,erv.gerriets@g.batstate-u.edu.ph,iOSaHuJG4ZdP
26,Tristan,Sondon,Male,tristan.sondon@g.batstate-u.edu.ph,hUSADNqW
27,Crosby,Gergus,Male,crosby.gergus@g.batstate-u.edu.ph,ZedmgHyVA
28,Marena,Iacofo,Female,marena.iacofo@g.batstate-u.edu.ph,WFRJqjJ
29,Laryssa,Manes,Female,laryssa.manes@g.batstate-u.edu.ph,JTRpok
